descriptive_name	genbank_accession	uniprot_accession	pdb_id	full_sequence	domain	organism	taxon	reference	enzyme_class	0_methoxylations	1_methoxylation	2_methoxylations	Short_fungal	Long_fungal	Monophenolase_activity	Diphenolase_activity	Nitrosation_activity	Tioether bond
ScTyr		Q83WS2	1WX2	MTVRKNQATLTADEKRRFVAAVLELKRSGRYDEFVRTHNEFIMSDTDSGERTGHRSPSFLPWHRRFLLDFEQALQSVDSSVTLPYWDWSADRTVRASLWAPDFLGGTGRSTDGRVMDGPFAAFTGNWPINVRVDSRTYLRRSLGGSVAELPTRAEVESVLAISAYDLPPYNSASEGFRNHLEGWRGVNLHNRVHVWVGGQMATGVSPNDPVFWLHHAYVDKLWAEWQRRHPDSAYVPTGGTPDVVDLNETMKPWNTVRPADLLDHTAYYTFDA	bacterial	Streptomyces castaneoglobisporus	79261		Tyrosinase	Yes	No	NA	NA	NA	Yes	Yes	NA	No
NpsF	BAJ08174.1			MTHVRRNHLDLSRSERRRFIKAVLEIKRRGIYDRFVKLHVDVNSQDYLDKDTGKRVGHINPGFFPWHRQYLMEFEKELRRVDPTVTLPYWDWTMDQSKDSPLWQDDFMGGDGRPDDGMVMTGPFAYPNGWELKVNVQPEGPESPALNGHYTVDDRKFLIRRIGQKLPSLPSPEQLQQTMDLPVYDCPPWNYTSGSTPPYNSFRNHLEGYTNFAWEPPAGKLHGAGHQWVGGHMMYISSPNDPVFFLHHCFIDKIWGDWQALHPDVPHYLPQEPTPEVADPSTPLYPWHTKTVAEVIDHRRFYTYA	bacterial	Streptomyces murayamaensis	224537		O-aminophenol oxidase	NA	NA	NA	NA	NA	Yes	Yes	Yes	NA
GriF		AB214954		MVHVRKNHLTMTAEEKRRFVHAVLEIKRRGIYDRFVKLHIQINSTDYLDKETGKRLGHVNPGFLPWHRQYLLKFEQALQKVDPRVTLPYWDWTTDHGENSPLWSDTFMGGNGRPGDRRVMTGPFARRNGWKLNISVIPEGPEDPALNGNYTHDDRDYLVRDFGTLTPDLPTPQELEQTLDLTVYDCPPWNHTSGGTPPYESFRNHLEGYTKFAWEPRLGKLHGAAHVWTGGHMMYIGSPNDPVFFLNHCMIDRCWALWQARHPDVPHYLPTVPTQDVPDLNTPLGPWHTKTPADLLDHTRFYTYDQ	bacterial	Streptomyces griseus	455632	Suzuki 2005	O-aminophenol oxidase									
BtTyr		Q2T7K1	5ZRD	MSNVNAPRVRRSVRDLQKRYDNGEKKPLEDLVRAWVGIQALPPSDPKSFFALGGYHGEPFQYRKPVDALPQDDIYPYWGGYCNHGNVLFPTWHRMYVYKLEEALQSIVPGVSMPFWDETDEYTLKHGIPSILTQEKFELDGKQIDNPLRSFVLPVALSDRLPGDGNIYEKPKGYVTVRYPLSGLVGTPEALEQTKIHNAKFPLPEKNTELLNSNVRAWLKGDSPTPGDPDPTRNGVYAKYVRCLSAPNYTVFSNTTSASVWNSSNPGLVTPVESPHNDIHLAVGGFDYGGDEIGQIAGANGDMGENNTAGMDPIFFFHHCNVDRMFWVWQKQTGHTDRLDIIRNYPGTNASDSQGPTPGFAPGESLNLTTPLNPFKKASGEAYTSEDCINIERQLGFTYGPGSLDDATPELKSLLAVPSGNSTKKLTVTGIDRAQIQGSFIMKAYASVTDANGKTREYYLGHKSILSRWNVVQCANCLTHLDIVAHFPLSAMPADDVPKAKFRVEFIHRGGGVPSAAKAAIDKVSALQPKFEVSD	bacterial	Burkholderia thailandensis	271848	Hyeoncheol Francis Son 2018	Tyrosinase									
BmTyr		B2ZB02	3NM8	MSNKYRVRKNVLHLTDTEKRDFVRTVLILKEKGIYDRYIAWHGAAGKFHTPPGSDRNAAHMSSAFLPWHREYLLRFERDLQSINPEVTLPYWEWETDAQMQDPSQSQIWSADFMGGNGNPIKDFIVDTGPFAAGRWTTIDEQGNPSGGLKRNFGATKEAPTLPTRDDVLNALKITQYDTPPWDMTSQNSFRNQLEGFINGPQLHNRVHRWVGGQMGVVPTAPNDPVFFLHHANVDRIWAVWQIIHRNQNYQPMKNGPFGQNFRDPMYPWNTTPEDVMNHRKLGYVYDIELRKSKRSS	bacterial	Priestia megaterium	1404		Tyrosinase	Yes	No	NA	NA	NA	Yes	Yes	NA	No
VvPPO		P43311	2P3X	MASLPWSLTTSTAIANTTNISAFPPSPLFQRASHVPVARNRSRRFAPSKVSCNSANGDPNSDSTSDVRETSSGKLDRRNVLLGIGGLYGAAGGLGATKPLAFGAPIQAPDISKCGTATVPDGVTPTNCCPPVTTKIIDFQLPSSGSPMRTRPAAHLVSKEYLAKYKKAIELQKALPDDDPRSFKQQANVHCTYCQGAYDQVGYTDLELQVHASWLFLPFHRYYLYFNERILAKLIDDPTFALPYWAWDNPDGMYMPTIYASSPSSLYDEKRNAKHLPPTVIDLDYDGTEPTIPDDELKTDNLAIMYKQIVSGATTPKLFLGYPYRAGDAIDPGAGTLEHAPHNIVHKWTGLADKPSEDMGNFYTAGRDPIFFGHHANVDRMWNIWKTIGGKNRKDFTDTDWLDATFVFYDENKQLVKVKVSDCVDTSKLRYQYQDIPIPWLPKNTKAKAKTTTKSSKSGVAKAAELPKTTISSIGDFPKALNSVIRVEVPRPKKSRSKKEKEDEEEVLLIKGIELDRENFVKFDVYINDEDYSVSRPKNSEFAGSFVNVPHKHMKEMKTKTNLRFAINELLEDLGAEDDESVIVTIVPRAGGDDVTIGGIEIEFVSD	plant	Vitis vinifera	29760		Catechol oxidase	Yes	No	NA	NA	NA	Yes	Yes	NA	Yes
SlPPO1		Q08303	6HQI	MASLCSNSSSTSLKTPFTSSTTCLSSTPTASQLFLHGKRNKTFKVSCKVTNTNGNQDETNSVDRRNVLLGLGGLYGVANAIPLAASAAPTPPPDLSSCNKPKINATTEVPYFCCAPKPDDMSKVPYYKFPSVTKLRIRPPAHALDEAYIAKYNLAISRMKDLDKTQPDNPIGFKQQANIHCAYCNGGYSIDGKVLQVHNSWLFFPFHRWYLYFYERILGSLIDDPTFGLPFWNWDHPKGMRFPPMFDVPGTALYDERRGDQIHNGNGIDLGYFGDQVETTQLQLMTNNLTLMYRQLVTNSPCPLMSLVDLTLFGSTVEDAGTVENIPHSPVHIWVGTRRGSVLPVGKISNGEDMGNFYSAGLDPLFYCHHSNVDRMWNEWKATGGKRTDIQNKDWLNSEFFFYDENGNPFKVRVRDCLDTKKMGYDYHATATPWRNFKPKTKASAGKVNTGSIPPESQVFPLAKLDKAISFSINRPASSRTQQEKNAQEEVLTFNAIKYDNRDYIRFDVFLNVDNNVNANELDKAEFAGSYTSLPHVHRVGDPKHTATATLRLAITELLEDIGLEDEDTIAVTLVPKKGDISIGGVEIKLAIVKLVCVVNLLTLQLNKDRFCYDSVFVCWFVCLFFNFHV	plant	Solanum lycopersicum	4081	Kampatsikas et al. (2019) https://doi.org/10.1038/s41598-019-39687-0	Catechol oxidase	NA	NA	NA	NA	NA	Yes	Yes	NA	NA
MdPPO1		P43309	6ELS	MTSLSPPVVTTPTVPNPATKPLSPFSQNNSQVSLLTKPKRSFARKVSCKATNNDQNDQAQSKLDRRNVLLGLGGLYGVAGMGTDPFAFAKPIAPPDVSKCGPADLPQGAVPTNCCPPPSTKIIDFKLPAPAKLRIRPPAHAVDQAYRDKYYKAMELMKALPDDDPRSFKQQAAVHCAYCDGAYDQVGFPELELQIHNSWLFFPFHRYYLYFFEKILGKLINDPTFALPFWNWDSPAGMPLPAIYADPKSPLYDKLRSANHQPPTLVDLDYNGTEDNVSKETTINANLKIMYRQMVSNSKNAKLFFGNPYRAGDEPDPGGGSIEGTPHAPVHLWTGDNTQPNFEDMGNFYSAGRDPIFFAHHSNVDRMWSIWKTLGGKRTDLTDSDWLDSGFLFYNENAELVRVKVRDCLETKNLGYVYQDVDIPWLSSKPTPRRAKVALSKVAKKLGVAHAAVASSSKVVAGTEFPISLGSKISTVVKRPKQKKRSKKAKEDEEEILVIEGIEFDRDVAVKFDVYVNDVDDLPSGPDKTEFAGSFVSVPHSHKHKKKMNTILRLGLTDLLEEIEAEDDDSVVVTLVPKFGAVKIGGIKIEFAS	plant	Malus domestica	3750	Kampatsikas et al. (2017) DOI:10.1038/s41598-017-08097-5	Catechol oxidase	NA	NA	NA	NA	NA	Yes	Yes	NA	NA
JrPPO1		C0LU17	5CE9	MASLLASSSHPRSTNMVAATTTIRTPSFPPCFPRNTQVSKVGKQYHHLTTRVACRATNGDQQNINNGQNPQGKFDRRDVLLGLGGMYGAANLCNDPFALADPVSAPELTLCSEADLPAGALPVNCCPPTSKKIKDFVLPSQNTPLRVRPAAHLVDNDYIAKYNKGIELMKSLPADDPRSFTQQANVHCAYCDGAYTQVGFPDLSLQVHECWLFFPFHRYYVYFFEKILGKLIGDPTFALPFWNWDSPPGMQLPSLYAVSNSAIYDPLRNANHQPPTIIDLDYGETSESTTTTDQVPSNLKIMYRQMVSGAKNPTLFFGSPYRAGDEPDPGAGTIESTPHNNIHLWTGDDTQPNIENMGNFYSAGRDPIFFAHHSNVDRMWTIWKTLGGKRKDITDPDWLNSSFFFYDENADPVRVKVKDCVDNTKLRYVYQDVEIPWLKTKPTPRKSRVKKVAKAFPAGHGGVAQAAETSSVKFPIVLDKVISTVVARPKKSRSKKEKDDEEEVLVIEGIEVERDIPVKFDVFINDEDDAPTGPGINTEFAGSFVSVPQQKQTKKKKTYLRIGISDLLEDLGAEDDDSVVVTLVPRFGKGKAIIGGIKIVLIG	plant	Juglans regia	51240	Bijelic 2015	Tyrosinase									
CgAUS1		A0A075DN54	4Z0Y	MACYDLLPITSTFTSTNSQSSLNTRTKKTQGFRVSCNKPKITTRSLILPEAQKLVLPNVDRRNLLVGLGGLYTAATLPGMGAAVAAPITAPDITSICKDASSGIGNQEGAIRTRKCCPPSLGKKIKDFQFPNDKKVRMRWPAHKGTKKQVDDYRRAIAAMRALPDDDPRSFVSQAKIHCAYCNGGYTQVDSGFPDIDIQIHNSWLFFPFHRWYLYFYERILGSLIDEPNFALPYWKWDEPKGMPISNIFLGDASNPLYDQYRDANHIEDRIVDLDYDGKDKDIPDQQQVACNLSTVYRDLVRNGVDPTSFFGGKYVAGDSPVANGDPSVGSVEAGSHTAVHRWVGDPTQPNNEDMGNFYSAGYDPVFYIHHANVDRMWKLWKELRLPGHVDITDPDWLNASYVFYDENKDLVRVYNKDCVNLDKLKYNFIENSKEVFPWRNSRPPQRRKSAQVATTGDVKTVEQTKFPVRLNQIFKVRVKRPAVNRTEEEKDQANEVLLIKKIKYDSGKFVKFDVFVNDKLKDGVFTTPCDPEYAGGFAQIPHNDKRSMVMTSTARFGLNELLEDTNTEGEEYATVTLVPRTGCEDLTVGEIKIELVPIPKA	plant	Coreopsis grandiflora	13449	Molitor et al. (2016) DOI: 10.1073/pnas.1523575113	Catechol oxidase	NA	NA	NA	NA	NA	Yes	Yes	NA	NA
IbCO		Q9ZP19	1BT3	APIQAPEISKCVVPPADLPPGAVVDNCCPPVASNIVDYKLPAVTTMKVRPAAHTMDKDAIAKFAKAVELMKALPADDPRNFYQQALVHCAYCNGGYDQVNFPDQEIQVHNSWLFFPFHRWYLYFYERILGKLIGDPSFGLPFWNWDNPGGMVLPDFLNDSTSSLYDSNRNQSHLPPVVVDLGYNGADTDVTDQQRITDNLALMYKQMVTNAGTAELFLGKAYRAGDAPSPGAGSIETSPHIPIHRWVGDPRNTNNEDMGNFYSAGRDIAFYCHHSNVDRMWTIWQQLAGKPRKRDYTDSDWLNATFLFYDENGQAVKVRIGDSLDNQKMGYKYAKTPLPWLDSKPVPTKKKGGYASKSKAPFVASVFPVTLDKVVQVKVARPKKSRSAEEKEAEEEILLIVGIEVEIDKYAKFDVYLNDSDDPSGGKDKAEYAGSFAHLPHKHKGMKKIRTTLSLGLNEPLEDLGAEDDDTILVTLAPKVGGGVVSVDNVKVVYGS	plant	Ipomoea batatas	4120		Catechol oxidase	NA	NA	NA	NA	NA	No	Yes	NA	Yes
HsTrp1		P17643	5M8L	MSAPKLLSLGCIFFPLLLFQQARAQFPRQCATVEALRSGMCCPDLSPVSGPGTDRCGSSSGRGRCEAVTADSRPHSPQYPHDGRDDREVWPLRFFNRTCHCNGNFSGHNCGTCRPGWRGAACDQRVLIVRRNLLDLSKEEKNHFVRALDMAKRTTHPLFVIATRRSEEILGPDGNTPQFENISIYNYFVWTHYYSVKKTFLGVGQESFGEVDFSHEGPAFLTWHRYHLLRLEKDMQEMLQEPSFSLPYWNFATGKNVCDICTDDLMGSRSNFDSTLISPNSVFSQWRVVCDSLEDYDTLGTLCNSTEDGPIRRNPAGNVARPMVQRLPEPQDVAQCLEVGLFDTPPFYSNSTNSFRNTVEGYSDPTGKYDPAVRSLHNLAHLFLNGTGGQTHLSPNDPIFVLLHTFTDAVFDEWLRRYNADISTFPLENAPIGHNRQYNMVPFWPPVTNTEMFVTAPDNLGYTYEIQWPSREFSVPEIIAIAVVGALLLVALIFGTASYLIRARRSMDEANQPLLTDQYQCYAEEYEKLQNPNQSVV	animal	Homo sapiens	9606	"Lai, 2017"	Tyrosinase									
EdHc		O61363	1JS8	NLIRKDVDALSEDEVLNLQVALRAMQDDETPTGYQAIAAYHGEPADCKAPDGSTVVCCLHGMPTFPLWHRLYTVQFEQTMVAHGSKLGVPYWDWTQPLNHLPELVSHPLFMDPTAHKAKKNVFYSGDIAFEKKTTARAVDTRLFQASKGGKNFLLEGVLSALEQDDYCHFEVQFEVAHNPIHYLVGGRFTHSMSSLEYTSYDPLFFLHHSNVERLFTIWQALQKHRGLDGNANCGLNMFHKPMEPFGRDTNPISLTKEHAKAVDVFNYNELGYDYDDLHLNGMDIPELDTMLKERQQHPRSFANFRLGGIKTSANVRVAVCIPSEDKRHSDNCNNHVGSFFILGGVHEMTWDFGYPFLFEITDVVKSLGIPLDGNYYVHADVTEINGTLLPDGTIPRPTVSYIPHNFKDADMVVVDKTGLNVRKDLQSLTTEEEYELRVAMERFMDDKSIDGYQALAEFHGLPAKCPEPDAINRVACCVHGMSTFPHWHRLVVMQFEDALLARGSPIGVPYWDWTTPSSSLPHLVAVETYEDPYTKEVKPNPFYHAQIEFLHNDVFTARNVDSRLFEKPTKGHHGYLHDGMLLAFEQEDFCDFEVQFEVTHNAIHAWVGGNEPYSMSSLHYTSFDPLFWLHHSQVDRLWAVWQALQIYRGKPYKPYCALSEVHRPLKPFAFEPPLNNNKHTHSHSVPTHVYDYQSDLHYTYDTLFFGGMSVRELQRHIEEDKAKDRVFVGFLLMGIKTSANVVINVESAGNTYMAGTITILGGSKEMEWRFDRLYKYEITDALAELGVDMHAEYSINLQINDINGTALPPTSIPDPIVIFSPGKKESGVVFDELYRSRRDVSSLTDADMNALRKALQAYEDDKDASGYQQVAAFHGSTKWCPSPDAEVKYACCHHGMATFPHWHRLLTVNFENGLRHNGYQNGIPYWDWTRPLSELPTLVKDETYADENGETHPNPFFSGVIDEIGEHTTRSPNPTLFLKPPFGHFTPLGDEVMYALEQEDFCSFEVQFEIAHNHIHALVGGTEPYSMSSLEYTTFDPIFILHHSNVDRIWAIWQALQKFRGHRYNSANCAIETLRKPMSPFSLTSDINIDPMTREHSVPFDVFDYKKNFHYEYDLLELNGLSIPQLHREISRRRAKSRIFATFMLEGIKQSALVEYYIRAHGSTDQLKAGEFYILGSANEMPWKFDRVYKADITQQMKEANLHFNDQYHIEYHLKDLSGNEIAGVHLETAIIYEPGLGNFGEAGIWVEPVTSANRIRKNLNALTDGDMESLRKAFKDMTTDGRYEEIASFHGLPAQCPNKDGSKVYTCCIHGMPTFPHWHRLYVALVENELLARGSGVAVPYWDWVQPFDHLPALVNRATYYNSRTLLVEPNPFFKGKISFLNSETNRDPQEELFGNKYLYEHTLFVLEQTDFCDFEVHFEVLHNTIHSWLGGRDPHSMSSLDFAAYDPIFFLHHSNIDRIWAIWQELQRYRKLPYNEANCALPLLNVPMRPFSNTTANHDRMTLTHSAPNDVFDYQNVLHYKYDTLSFYDLTITQLDHLIEERKSHDRIFAGFLLHGVQASADIHVFICVPTSKHEENCAHDVGVFSVLGGKSEMPWQFASVFQYEITDQLKLLGLNQNSHFRGVTEVTAVNGSSINSDIFPHPTIIYVPKQDHSADIKSEEGNEYLVRKNVERLSLSEMNSLIHAFRRMQRDKSSDGFEAIASFHALPPLCPSPTAKHRHACCLHGMATFPHWHRLYVVQFEQALHRHGATVGVPYWDWTRPISKIPDFIASKRYSDPFTKIEDYNPFNQGQISFISEDTETKREVSEYLFEHPVLGKQTWLFDNIALALEQTDYCDFEIQLEIVHNAIHSWIGGKEEHSLNHLHYAAYDPIFYLHHSNVDRLWVIWQELQKLRGLNAYESHCALELMKVPLKPFSFGAPYNLNDLTTKLSKPEDMFRYKDNFHYEYDILDINSMSINQIESSYIRHQRDHDRVFAGFLLSGFGSSAYATFEICIEGGECHEGSHFSVLGGSTEMPWAFDRLYKIEITDILSDMNLAFDSAFTIKTKLVAQNGTELPASILPEATVIRIPPSNEDADIDTPLNHIRRNVESLDERDIQNLMAALTRVKEDESDHGFQTIASYHGSTLCPSPEEPKYACCLHGMPVFPHWHRVYLLHFEDSMRRHGSSVATPYWDWTQPGTKLPRLLADSDYYDAWTDNVTENPFLRGYIKTEDTYTVRDVKPELFEIGGGEGSTLYQQVLLMLEQEDYCDFEVQFEVVHNSIHYLVGGHQKYAMSSLVYSSFDPIFYVHHSMVDRLWAIWQALQEHRHLPFDKAYCALEQLSFPMKPFVWESNPNLHTRAASTPQHLFDDNKLGYKYDNLEFHGMNIDQLENAIHKQQNKDRVFASFLLFGIKTSADVHLKLCKDETCEDAGVVFILGGDNEMPWHFDRTYKKDITHVLHQMHIPLEDLYVHGSTILLEVEIETVDGKVLDSSSLPAPSMIYVPAKDFKREVHKKTVGDAIIRKNVNSLTPSDIKELRDAMAKVQADTSDNGYQKIASYHGIPLSCHYENGTAYACCQHGMVTFPNWHRLLTKQMEDALVAKGSHVGIPYWDWTTTFANLPVLVTEEKDNSFHHAHIDVANTDTTRSPRAQLFDDPDKGDKSFFYRQIALALEQTDFCDFEIQFEIGHNAIHSWVGGSSPYGMSTLHYTSYDPLFYLHHSNTDRIWSVWQALQKYRGLPYNTANCEINKLVKPLKPFNLDTNPNAVTKAHSTGATSFDYHKLGYDYDNLNFHGMTIPELEEHLKEIQHEDRVFAGFLLRTIGQSADVNFDVCTKDGECTFGGTFCILGGEHEMFWAFDRPFKYDITTSLKHLRLDAHDDFDIKVTIKGIDGHVLSNKYLSPPTVFLAPAKTTH	animal	Enteroctopus dofleini	267067		Hemocyanin	NA	NA	NA	NA	NA	No	No	NA	Yes
RvHc		P83040	1LNL	DDQGHTHRNLVRKSVRNLSPAERRSLVHALKSLQEDSSADGFQSLASFHAQPPLCPYPEANKRFACCVHGMATFPEWHRLYTVQFEDALRRHGSVVGIPYWDTVVPQEDLPAFFNDEIWDDPLFHANFTNPFNGADIDFNHQKIARDINVDKLFKEGPKGYDTWSFKQYIYALEQEDYCDFEVQFEIAHNAIHAWVGGTEEYSMGHLHYASYDPVFILHHSNTDRLFALWQELQKFRGHDPNEVNCALEMMREPLKPFSFGAPYNLNPTTKEHSKPEDTFDYKGHFHYEYDHLELQGMNVQRLHDYINQQKERDRVFAGFLLEGIGTSAHLDFSICKIDGECTHAGYFDVLGGSLETPWQFDRLYKYEITDVLESKGLDVHDVFDIKITQTSWDNEDISTDRFPPPSVIYVPK	animal	Rapana venosa	55521		Hemocyanin	NA	NA	NA	NA	NA	No	No	NA	Yes
AoMelB		Q2UP46	3W6Q	MPYLITGIPKDPKHPLPIRKDIDDWYLEQTSAGSNRIQLTLFVEALTVIQNRPLNDQLSYFRLAGIHGAPWTEWDGVPGGQKDSKGNPTGFCVHNNYTFPTWHRVYVTLYEQVIYEAMLDFIKQNVPQNGKADWENEAKQWRLPYWDFARFARHGHDNTQGDELRLPILVTMPMVKVLVPGQPGKQLSKPNPLYRFQMQTLMGTLERPYAITSQKTEEHGWSFDLPFDKCQSTTKYGLLENYNADVWADGGQNWLRANLALNEHPWYQNLDGWASVPTLQDMTFRLLTTGGLNWGEFSSTRYDDKKEEAQPKNNEQAPKNWMNLEAIHNNVHNWVGGFMFSRPGRHDLKLWGAGHMSSVPVAAFDPIFWLHHWLTAIWQTVNSGSWFNDDKSKVSKDDDLRPFHRFCEKTRKVVFFRSDDVKDWRSLNYDYAITKDASRIRKEISDLYGQRTKEVYKDFGEEDYILSIRYSRYALGGKPFQINIFFGDVDGKDFYDARSQNFVGSVFNFSGSLEDSNCDKCAQQEQEGVLSVSQLPARLAVHYYKKQNKGEVPTPRYVVVNSQGKAEAEVKVEVALHKTEVFHSVDSESWDLRMEHTHCFSTHGMGGHYHYDTTAEVVEYEAWLNTAKVIYRIDQPGQ	fungal	Aspergillus oryzae	5062		Tyrosinase	Yes	NA	NA	No	Yes	Yes	Yes	NA	Yes
AoCO4		Q2UNF9	4J3P	MVALQALSLGLLASQALAFPAASQQAATATLPTTASSSTAVASSQLDQLANFAYNVTTDSVAGGSESKRGGCTLQNLRVRRDWRAFSKTQKKDYINSVLCLQKLPSRTPAHLAPGARTRYDDFVATHINQTQIIHYTGTFLAWHRYFIYEFEQALRDECSYTGDYPYWNWGADADNMEKSQVFDGSETSMSGNGEYIPNQGDIKLLLGNYPAIDLPPGSGGGCVTSGPFKDYKLNLGPAALSLPGGNMTAAANPLTYNPRCMKRSLTTEILQRYNTFPKIVELILDSDDIWDFQMTMQGVPGSGSIGVHGGGHYSMGGDPGRDVYVSPGDTAFWLHHGMIDRVWWIWQNLDLRKRQNAISGTGTFMNNPASPNTTLDTVIDLGYANGGPIAMRDLMSTTAGPFCYVYL	fungal	Aspergillus oryzae	5062		Ortho-methoxy phenolase	Yes	Yes	NA	Yes	No	Yes	Yes	NA	No
CgPPO-473	XP_001221473.1			MRGIQNAVGLSLLAGALAGPVQKRWEYNTIRNPAYPLDVVDKLEESIMPKVESWMVKRVGKSNNCTLENAAVRREWSDLSADERKEYISAVLCLQSKPAKAPKDKVPGALSRFDDFVATHMTMAGMLHSPNNLFAAHRYFIYAYEKALREECGYKGYQPYMNYDRYVDDPINSPMFDGSDTSMGGNGAPSTYEGVAQPFPRPYNMIPSAGGGGCVTEGPFKDMVVSLGPKSTIVRDIPANPRADGLGSNPRCLRRDVNKYSAAGARANYTYSAIMDNPDIDKFYNRYLGMPQLKGDTHPWGIHSAGHYIIGGDPGGDFYCSPGDPAFYFHHGMLDRVWWIWQMQDPENRVHAIPGAGAMDMNMTLAMDVDMGQPANVRKTKRADIRDAVVDLGWTAPAVKLVDLNEQMGGLGGEFCYIYV	fungal	Chaetomium globosum CBS 148.51	306901		Ortho-methoxy phenolase	No	Yes	Yes	Yes	No	Yes	Yes	NA	NA
CgPPO-266	XP_001224266.1			MMKSIVLLASALLAGSAVSAPTAEIPSFTQAEMDSGKAIRELGRIAYENAMARAAKATTGCTKENVRIRKEWRNMTLDDRQGYQQAVQCLMEKPARHKGLDGVRTAWDDYGALHYYQTPYVHNSATFLLWHRHYNWVLEQDLRDLCGYNGVFPYWEWGLDCGSVGSMDKSPVFDGSEYSLGGNGEFIEGHRAAIGGAKPGSGGGCLTSGPFSNYTVNLGPVGSRNPLAYNPRCFKRDLNTDICNRWATLRNTTEPILNGKDIAVFQALVQGDGRWPEAARLGIAVHGGGHYAISGDPGSDFYFSSLEPGFYLHHGNIDRMHFIWQNLDWENRQTISGTNTMFNRPATPEAVLGDNMGFEPINRNVTIGQTMDTVGGTPLCYVYEPW	fungal	Chaetomium globosum CBS 148.51	306901		Ortho-methoxy phenolase	No	Yes	Yes	Yes	No	Yes	Yes	NA	NA
MtPPO-809	XP_003659809.1			MARLTLAGLLAVPWLLLPGLVSGDAVLDLQEKGRPAIDAQLAKSTTCTKEKLQVRREWGDISAEEKKAYIAAMLCIMEKPSRLDPNQFPGAKSRYDDFVVVHMNQTLSIHGTGNFLSWHRYYTWVFERALQEECGYNGTQPYWDWGRWADDPENSPIFDGSDTSLSGNGEYIEHRASGFIPAGNGGGCVKSGPFKDMVVHLGPVAPAIDPAPPANPRRDGYGDNPRCLRRDISNQLSSKYARTQDIVDLITTSADIGTFQTVMQGAGGFGVGPGGMGVHAAGHFTIAGDPGGDFYTSPNDPAFWVHHGMIDRTWTIWQSQDLDNRLQVIAGGSSMMGGPPQTLDDPVDLGVVADKVYPIRDLVSVVDGPFCYVYE	fungal	Thermothelomyces thermophilus ATCC 42464	573729		Ortho-methoxy phenolase	No	Yes	No	Yes	No	Yes	Yes	NA	NA
MtPPO-010	XP_003666010.1	G2QLD3	6Z1S	MKPAALLGAALAAVAFPAGAHARCSSDAPPPAPVGDDLTEPKELTDLFEKAKKAVIDRLHEDEKALRARGEAPRCTADKLIFRREYGSLSKDERLAYVNAVKCLQSKPPRTPASVAPGARSRFDDFVVVHIQQTLDIHYSGIFQAWHRWFVYQYEKALRDECGYTGYQPYWDWPKYASAPQDSPLFNGDPYSLGGNGEYVPHDGPVIVPPEGVSGGNISLPAGVGGGFVRTGPFANMTVNLGPVGGLADTAPGPQGGLGYNPRGLKRDLGGAMNTRYANYTTVLRLLTQPDVDAFRTVSEGVPYTVEIGPHGGIHYTIGGDPGGDLFTSPGDPAFWVHHAQMDRVWATWQALGLLPPADGGDPDPARRYTDLGKGDYAHRTWQNSPPSPFAELSDVIDMGYAAPSTTIGAVMSTTEGELCYFYL	fungal	Thermothelomyces thermophilus ATCC 42464	573729		Ortho-methoxy phenolase	Yes	Yes	No	Yes	No	Yes	Yes	NA	No
PpPPO-c2092	CAI4219580.1			MPSAKRLLGLLLAATAAVGVAAQEPALTEDDFSIPEIEGGDALAQLAQLAADSSQETALRMAKRGLNSGCSPSQIKVRREWRTLTSAQRKQYIASVKCLQTKPSFFDPNIIPAAKSLFDDFVGVHVFQTGSIHLTATFLTWHRYFVYTYETKLREECGYTGPLPYWEWGLDVNNPNASPVFDGSDTSLSGNGAFFAHEGIQMVQPINGNILKLPGNGGGCVTKGPFKDMKVHFGTIILPVYGQPILSGVENPIADNERCLKRDLNAGIAKRFTSFLNSTSVILKNNNIEMFQAHLQGDDRYVLNQLGVHGGGHYTIGGDPGGDPFISPGDPAFYLHHAQIDRIYWIWQMLDFKNRQGVHGTATLQNNPPSANVTVEDTIDLSPLAPPVKIKDLMNTVGGSPLCYIYL	fungal	Parascedosporium putredinis	1442378		Ortho-methoxy phenolase	No	Yes	No	Yes	No	Yes	Yes	NA	NA
MtPPO7	XP_003662515.1			MRGIQSLVSLSLLAGAWANPMHKRWKPNAPRNPDFPLDEVDKLEESIMPNVEAWMSKRPAKYSNCTLENAGIRREWSDLSVDERKEYISAVLCLQSKPSKIPEGEVPGALSRFDDFVATHMTMAGQLHSPTNLFAAHRYFIHAYEKALREECGYKGYQPYMNYDRYADDPLNTPLFDGSDSSMSGNGGPYNYSGIPQPFPKPYNLIPPAGGGGCVTEGPFRDMVVSLGPKGGLFHDIPRNPRADGLGSNPRCLRRDVNKYSARGARANYTYSAIMDNPDIDSFYNRYMGMPQLKGDPYPWGLHSSGHYLIGGDPGGDFYCSPGDPLFYFHHGMLDRVWWIWQMQDPENRVQAVPGTNTMPMPPLMAANLESEAAATTTHKRAVNVSDLVVDLGWTAPPVKLVDLNEQLGGLGGELCYIYV	fungal	Thermothelomyces thermophilus ATCC 42464	573729		Ortho-methoxy phenolase	No	Yes	Yes	Yes	No	Yes	Yes	NA	NA
AbTyr		C7FF04	2Y9X	MSDKKSLMPLVGIPGEIKNRLNILDFVKNDKFFTLYVRALQVLQARDQSDYSSFFQLGGIHGLPYTEWAKAQPQLHLYKANYCTHGTVLFPTWHRAYESTWEQTLWEAAGTVAQRFTTSDQAEWIQAAKDLRQPFWDWGYWPNDPDFIGLPDQVIRDKQVEITDYNGTKIEVENPILHYKFHPIEPTFEGDFAQWQTTMRYPDVQKQENIEGMIAGIKAAAPGFREWTFNMLTKNYTWELFSNHGAVVGAHANSLEMVHNTVHFLIGRDPTLDPLVPGHMGSVPHAAFDPIFWMHHCNVDRLLALWQTMNYDVYVSEGMNREATMGLIPGQVLTEDSPLEPFYTKNQDPWQSDDLEDWETLGFSYPDFDPVKGKSKEEKSVYINDWVHKHYGFVTTQTENPALRLLSSFQRAKSDHETQYALYDWVIHATFRYYELNNSFSIIFYFDEGEGCTLESIIGTVDAFRGTTSENCANCARSQDLIAEGFVHLNYYIGCDIGQHADHEDDAVPLYEPTRVKEYLKKRKIGCKVVSAEGELTSLVVEIKGAPYYLPVGEARPKLDHEKPIVILDDIIHRVN	fungal	Agaricus bisporus	5341		Tyrosinase	Yes	No	No	No	Yes	Yes	Yes	No	NA
HjTyr		A0ZXZ4		MLLSASLSALALATVSLAQGTTHIPVTGVPVSPGAAVPLRQNINDLAKSGPQWDLYVQAMYNMSKMDSHDPYSFFQIAGIHGAPYIEYNKAGAKSGDGWLGYCPHGEDLFISWHRPYVLLFEQALVSVAKGIANSYPPSVRAKYQAAAASLRAPYWDWAADSSVPAVTVPQTLKINVPSGSSTKTVDYTNPLKTYYFPRMSLTGSYGEFTGGGNDHTVRCAASKQSYPATANSNLAARPYKSWIYDVLTNSQNFADFASTSGPGINVEQIHNAIHWDGACGSQFLAPDYSGFDPLFFMHHAQVDRMWAFWEAIMPSSPLFTASYKGQSRFNSKSGSTITPDSPLQPFYQANGKFHTSNTVKSIQGMGYSYQGIEYWQKSQAQIKSSVTTIINQLYGPNSGKKRNAPRDFLSDIVTDVENLIKTRYFAKISVNVTEVTVRPAEINVYVGGQKAGSLIVMKLPAEGTVNGGFTIDNPMQSILHGGLRNAVQAFTEDIEVEILSKDGQAIPLETVPSLSIDLEVANVTLPSALDQLPKYGQRSRHRAKAAQRGHRFAVPHIPPL	fungal	Hypocrea jecorina	51453	Selinheimo 2006	Tyrosinase									
PsTyr		Q2TL94 		MSHFIVTGPVGGQTEGAPAPNRLEINDFVKNEEFFSLYVQALDIMYGLKQEELISFFQIGGIHGLPYVAWSDAGADDPAEPSGYCTHGSVLFPTWHRPYVALYEQILHKYAGEIADKYTVDKPRWQKAAADLRQPFWDWAKNTLPPPEVISLDKVTITTPDGQRTQVDNPLRRYRFHPIDPSFPEPYSNWPATLRHPTSDGSDAKDNVKDLTTTLKADQPDITTKTYNLLTRVHTWPAFSNHTPGDGGSSSNSLEAIHDHIHDSVGGGGQMGDPSVAGFDPIFFLHHCQVDRLLALWSALNPGVWVNSSSSEDGTYTIPPDSTVDQTTALTPFWDTQSTFWTSFQSAGVSPSQFGYSYPEFNGLNLQDQKAVKDHIAEVVNELYGHRMRKTFPFPQLQAVSVAKQGDAVTPSVATDSVSSSTTPAENPASREDASDKDTEPTLNVEVAAPGAHLTSTKYWDWTARIHVKKYEVGGSFSVLLFLGAIPENPADWRTSPNYVGGHHAFVNSSPQRCANCRGQGDLVIEGFVHLNEAIARHAHLDSFDPTVVRPYLTRELHWGVMKVNGTVVPLQDVPSLEVVVLSTPLTLPPGEPFPVPGTPVNHHDITHGRPGGSHHTH	fungal	Pycnoporus sanguineus	158606	Halaouli 2006	Tyrosinase									