id	genbank_accession	uniprot_accession	pdb_id	Caio_names	sequence	name	domain	organism	studied_by_caio	crystal_structure	taxon	reference	enzyme_class	0_methoxylations	1_methoxylation	2_methoxylations	Short_fungal	Long_fungal	Monophenolase_activity	Diphenolase_activity	Nitrosation_activity	Tioether bond	Aguilera_subclass	Aguilera_name	kingdom	phylum	class	order	family	genus	species	PF00264	PF14830	PF03723	PF03722	PF00372	PF12143	PF12142	PF18132
1WX2			1WX2		MTVRKNQATLTADEKRRFVAAVLELKRSGRYDEFVRTHNEFIMSDTDSGERTGHRSPSFLPWHRRFLLDFEQALQSVDSSVTLPYWDWSADRTVRASLWAPDFLGGTGRSTDGRVMDGPFAASTGNWPINVRVDSRTYLRRSLGGSVAELPTRAEVESVLAISAYDLPPYNSASEGFRNHLEGWRGVNLHNRVHVWVGGQMATGVSPNDPVFWLHHAYVDKLWAEWQRRHPDSAYVPTGGTPDVVDLNETMKPWNTVRPADLLDHTAYYTFDALEHHHHHH	TyrSc	bacterial	Streptomyces castaneoglobisporus	No	Yes	79261		tyrosinase	Yes	No				Yes	Yes		No			NA	Actinobacteria	Actinomycetia	Streptomycetales	Streptomycetaceae	Streptomyces	Streptomyces castaneoglobisporus	29-229							
3NM8			3NM8		MSNKYRVRKNVLHLTDTEKRDFVRTVLILKEKGIYDRYIAWHGAAGKFHTPPGSDRNAAHMSSAFLPWHREYLLRFERDLQSINPEVTLPYWEWETDAQMQDPSQSQIWSADFMGGNGNPIKDFIVDTGPFAAGRWTTIDEQGNPSGGLKRNFGATKEAPTLPTRDDVLNALKITQYDTPPWDMTSQNSFRNQLEGFINGPQLHNRVHRWVGGQMGVVPTAPNDPVFFLHHANVDRIWAVWQIIHRNQNYQPMKNGPFGQNFRDPMYPWNTTPEDVMNHRKLGYVYDIELRKSKRSSHHHHHH	TyrBm	bacterial	Priestia megaterium	No	Yes	1404		tyrosinase	Yes	No				Yes	Yes		No			NA	Firmicutes	Bacilli	Bacillales	Bacillaceae	Priestia	Priestia megaterium	34-242							
2P3X			2P3X		APIQAPDISKCGTATVPDGVTPTNCCPPVTTKIIDFQLPSSGSPMRTRPAAHLVSKEYLAKYKKAIELQKALPDDDPRSFKQQANVHCTYCQGAYDQVGYTDLELQVHASWLFLPFHRYYLYFNERILAKLIDDPTFALPYWAWDNPDGMYMPTIYASSPSSLYDEKRNAKHLPPTVIDLDYDGTEPTIPDDELKTDNLAIMYKQIVSGATTPKLFLGYPYRAGDAIDPGAGTLEHAPHNIVHKWTGLADKPSEDMGNFYTAGRDPIFFGHHANVDRMWNIWKTIGGKNRKDFTDTDWLDATFVFYDENKQLVKVKVSDCVDTSKLRYQYQDIPIPWLP	PPOVv	plant	Vitis vinifera	No	Yes	29760		tyrosinase	Yes	No				Yes	Yes		Yes			Viridiplantae	Streptophyta	Magnoliopsida	Vitales	Vitaceae	Vitis	Vitis vinifera	77-284						292-338	
1BT3			1BT3		APIQAPEISKCVVPPADLPPGAVVDNCCPPVASNIVDYKLPAVTTMKVRPAAHTMDKDAIAKFAKAVELMKALPADDPRNFYQQALVHCAYCNGGYDQVNFPDQEIQVHNSWLFFPFHRWYLYFYERILGKLIGDPSFGLPFWNWDNPGGMVLPDFLNDSTSSLYDSNRNQSHLPPVVVDLGYNGADTDVTDQQRITDNLALMYKQMVTNAGTAELFLGKAYRAGDAPSPGAGSIETSPHIPIHRWVGDPRNTNNEDMGNFYSAGRDIAFYCHHSNVDRMWTIWQQLAGKPRKRDYTDSDWLNATFLFYDENGQAVKVRIGDSLDNQKMGYKYAKTPLPWLDSKP	IbCO	plant	Ipomoea batatas	No	Yes	4120		catechol oxidase						No	Yes		Yes			Viridiplantae	Streptophyta	Magnoliopsida	Solanales	Convolvulaceae	Ipomoea	Ipomoea batatas	79-286						295-345	
4OUA			4OUA		SLLATVGPTGGVKNRLDIVDFVRDEKFFTLYIRALQAIQDKDQSDYSSFFQLSGIHGLPFTPWAKPKDTPTVPYESGYCTHSQVLFPTWHRVYVSIYEQILQEAAKGIAKKFTVHKKEWAQAAEDLRQPYWDTGFALVPPDEIIKLEQVKITNYDGTKITVRNPILRYSFHPIDPSFNGYPNFDTWKTTVRNPDADKKENIPALIGKLDLEADSTREKTYNMLKFNANWEAFSNHGEFDDTHANSLEAVHDDIHGFVGRGAIRGHMTHALFAAFDPIFWLHHSNVDRHLSLWQALYPGVWVTQGPEREGSMGFAPGTELNKDSALEPFYETEDKPWTSVPLTDTALLNYSYPDFDKVKGGTPDLVRDYINDHIDRRYGIKKS	abPPO4	fungal	Agaricus bisporus var. bisporus H97	No	Yes	936046		tyrosinase	Yes	No		No	Yes	Yes	Yes	No	Yes			Fungi	Basidiomycota	Agaricomycetes	Agaricales	Agaricaceae	Agaricus	Agaricus bisporus	47-294							
3W6Q			3W6Q		GPGGSPYLITGIPKDPKHPLPIRKDIDDWYLEQTSAGSNRIQLTLFVEALTVIQNRPLNDQLSYFRLAGIHGAPWTEWDGVPGGQKDSKGNPTGFCVHNNYTFPTWHRVYVTLYEQVIYEAMLDFIKQNVPQNGKADWENEAKQWRLPYWDFARFARHGHDNTQGDELRLPILVTMPMVKVLVPGQPGKQLSKPNPLYRFQMQTLMGTLERPYAITSQKTEEHGWSFDLPFDKCQSTTKYGLLENYNADVWADGGQNWLRANLALNEHPWYQNLDGWDSVPTLQDMTFRLLTTGGLNWGEFSSTRYDDKKEETQPKNNEQAPKNWMNLEAIHNNVHNWVGGFMFSRPGRHDLKLWGAGHMSSVPVAAYDPIFWLHHCNIDRLTAIWQTVNSGSWFNDDKSKVSKDDDLRPFHRFCEKTRKVVFFRSDDVKDWRSLNYDYAITKDASRIRKEISDLYGQRTKEVYKDFGEEDYILSIRYSRYALGGKPFQINIFFGDVDGKDFYDARSQNFVGSVFNFSGSLEDSNCDKCAQQEQEGVLSVSQLPARLAVHYYKKQNKGEVPTPRYVVVNSQGKAEAEVKVEVALHKTEGTFYDAPARGGSDDYRRVADGKRAEVDDAYRA	TyrAo	fungal	Aspergillus oryzae	No	Yes	5062		tyrosinase	Yes			No	Yes	Yes	Yes		Yes			Fungi	Ascomycota	Eurotiomycetes	Eurotiales	Aspergillaceae	Aspergillus	Aspergillus oryzae	62-388							471-546
3HHS_1			3HHS_1		ADIFDSFELLYDRPGEPMINTKGEDKVLFELTEQFLTPEYANNGLELNNRFGDEEEVSRKIILKNLDKIPEFPKAKQLPNDADFSLFLPSHQEMANEVIDVLMSVTENQLQELLSTCVYARINLNPQLFNYCYTVAIMHRRDTGKVRVQNYAEIFPAKFLDSQVFTQAREAAAVIPKTIPRTPIIIPRDYTATDLEEEHRLAYWREDLGINLHHWHWHLVYPFSASDEKIVAKDRRGELFFYMHQQIIARYNCERLCNSLKRVKKFSDWREPIPEAYYPKLDSLTSARGWPPRQAGMRWQDLKRPVDGLNVTIDDMERYRRNIEEAIATGNVILPDKSTKKLDIDMLGNMMEASVLSPNRDLYGSIHNNMHSFSAYMHDPEHRYLESFGVIADEATTMRDPFFYRVHAWVDDIFQSFKEAPHNVRPYSRSQLENPGVQVTSVAVESAGGQQNVLNTFWMQSDVNLSKGLDFSDRGPVYARFTHLNHRPFRYVIKANNTASARRTTVRIFIAPKTDERNLPWALSDQRKMFIEMDRFVVPLSAGENTITRQSTESSLTIPFEQTFRDLSIQGSDPRRSELAAFNYCGCGWPQHMLVPKGTVGGVAYQLFVMLSNYELDKIEQPDGRELSCVEASMFCGLKDKKYPDARPMGYPFDRPSNSATNIEDFSAMSNMGLQDIVIKLSDVTEPNPRNPPA	proPOMc	animal	Manduca sexta	No	Yes	7130		tyrosinase									No			Metazoa	Arthropoda	Insecta	Lepidoptera	Sphingidae	Manduca	Manduca sexta			426-679	25-143	152-414			
3HHS_2			3HHS_2		TDAKNNLLYFFDRPNEPCFMQKGEDKVVFEIPDHYYPDKYKSLSNTLSNRFGNEATKRIPIRNITLPNLEVPMQLPYNDQFSLFVPKHRTMAAKLIDIFMGMRDVEDLQSVCSYCQLRINPYMFNYCLSVAILHRPDTKGLSIPTFAETFPDKFMDSKVFLRAREVSNVVISGSRMPVNVPINYTANTTEPEQRVAYFREDIGINLHHWHWHLVYPFDSADRSIVNKDRRGELFYYMHQQIIGRYNVERMCNGLPQVKPFSDFSAPIEEGYFPKLDSQVASRTWPPRFAGSVFRNLDRTVDQVKIDVRKLFTWRDQFLEAIQKMAIKMPNGRELPLDEVTGIDMLGNLMESSIISPNRGYYGDLHNMGHVFAAYTHDPDHRHLEQFGVMGDSATAMRDPFFYRWHRFVDDVFNIYKEKLTPYTNERLDFPGVRVSSVGIEGARPNTLRTLWQQSTVELGRGLDFTPRGSVLARFTHLQHDEFQYVIEVNNTTGGNLMGTVRIFMAPKVDDNGQPMSFNKQRRLMIELDKFSQALRPGTNTIRRRSVDSSVTIPYERTFRNQSERPGDPGTAGAAEFDFCGCGWPHHMLIPKGTAQGYPVVLFVMISNWNNDRIEQDLVGSCNDAASYCGIRDRKYPDKQAMGYPFDRKMANDAATLSDFLRPNMAVRDCSIQFSDTTVERGQQG	proPOMc	animal	Manduca sexta	No	Yes	7130		tyrosinase						Yes	Yes		No			Metazoa	Arthropoda	Insecta	Lepidoptera	Sphingidae	Manduca	Manduca sexta			421-673	25-140	148-412			
3WKY			3WKY		VELWPSMDEELRQLFYLPYESTSTLADRLGIQLPPLELSPETGTAVTVLDPELKAKLGSALSIPEGIPFFAFNKQHSQAVKDLSKVFIEAKSLNVLKDVAIMVKDHVNSAVFLAALYHTYYERKDLSPGDTPPLPTVLPDRFVPTFIINKAKKLAKSAIINNQTEVVVEWHSDETGLSSRSPEHRVSYWREDMNLNSFHWHWHLSNPYYIEPGDRDRRGELFYYMHHNLVARYNMERLSLNLKPVKAFEDWRIPVQDGYFPHLTTGNGQEWSSRQDSTFFQDIREIPLVDSNYVSQLEMWRTHLYHGIDVGYLIHENGSYVRLTDNPEVGEDYGINLVGEALEAGDSVNPDVYGNIHNLGHDFLGQSHDPAKKHSTTSGVMGAVETAVRDPVFFRWHKFIDNVFHRYKLTQPPYTPRQLSGNITVLNVTVQEEHWIDDYVSPENLLHTFFTPKTFNSSSGIDFRLKRDDNITVHIKSNFLEHPDFSYTITVNNPTSDFKRMKLRIFLAPKFDEEGVKMNYASLLRYWTEVDVFETDPIAPGIAYITRHSNESSILSTSHEGDKKTAFAFSGCSWPRNLQVPRGTQDGMNFHFFVMATDVPLISLTSHEPGTRKSSSSFCGRPDQPIPDPWPMGYPLERRSSKATIEDFVDEHPNMMLQEVTITHLRDPSSVLRRPISERKECLLFTC	proPOc	animal	Penaeus japonicus	No	Yes	27405		tyrosinase						Yes	Yes		No			Metazoa	Arthropoda	Malacostraca	Decapoda	Penaeidae	Penaeus	Penaeus japonicus			414-664	63-126	137-404			
1HCY			1HCY		DALGTGNAQKQQDINHLLDKIYEPTKYPDLKDIAENFNPLGDTSIYNDHGAAVETLMKELNDHRLLEQRHWYSLFNTRQRKEALMLFAVLNQCKEWYCFRSNAAYFRERMNEGEFVYALYVSVIHSKLGDGIVLPPLYQITPHMFTNSEVIDKAYSAKMTQKPGTFNVSFTGTKKNREQRVAYFGEDIGMNIHHVTWHMDFPFWWEDSYGYHLDRKGELFFWVHHQLTARFDFERLSNWLDPVDELHWDRIIREGFAPLTSYKYGGEFPVRPDNIHFEDVDGVAHVHDLEITESRIHEAIDHGYITDSDGHTIDIRQPKGIELLGDIIESSKYSSNVQYYGSLHNTAHVMLGRQGDPHGKFNLPPGVMEHFETATRDPSFFRLHKYMDNIFKKHTDSFPPYTHDNLEFSGMVVNGVAIDGELITFFDEFQYSLINAVDSGENIEDVEINARVHRLNHNEFTYKITMSNNNDGERLATFRIFLCPIEDNNGITLTLDEARWFCIELDKFFQKVPSGPETIERSSKDSSVTVPDMPSFQSLKEQADNAVNGGHDLDLSAYERSCGIPDRMLLPKSKPEGMEFNLYVAVTDGDKDTEGHNGGHDYGGTHAQCGVHGEAYPDNRPLGYPLERRIPDERVIDGVSNIKHVVVKIVHHLEHHD	Lobster Hc	animal	Panulirus interruptus	No	Yes	6735		Hemocyanin						No	No		No			Metazoa	Arthropoda	Malacostraca	Decapoda	Palinuridae	Panulirus	Panulirus interruptus			400-651	9-125	136-391			
1NOL			1NOL		TLHDKQIRICHLFEQLSSATVIGDGDKHKHSDRLKNVGKLQPGAIFSCFHPDHLEEARHLYEVFWEAGDFNDFIEIAKEARTFVNEGLFAFAAEVAVLHRDDCKGLYVPPVQEIFPDKFIPSAAINEAFKKAHVRPEFDESPILVDVQDTGNILDPEYRLAYYREDVGINAHHWHWHLVYPSTWNPKYFGKKKDRKGELFYYMHQQMCARYDCERLSNGMHRMLPFNNFDEPLAGYAPHLTHVASGKYYSPRPDGLKLRDLGDIEISEMVRMRERILDSIHLGYVISEDGSHKTLDELHGTDILGALVESSYESVNHEYYGNLHNWGHVTMARIHDPDGRFHEEPGVMSDTSTSLRDPIFYNWHRFIDNIFHEYKNTLKPYDHDVLNFPDIQVQDVTLHARVDNVVHTFMREQELELKHGINPGNARSIKARYYHLDHEPFSYAVNVQNNSASDKHATVRIFLAPKYDELGNEIKADELRRTAIELDKFKTDLHPGKNTVVRHSLDSSVTLSHQPTFEDLLHGVGLNEHKSEYCSCGWPSHLLVPKGNIKGMEYHLFVMLTDWDKDKVDGSESVACVDAVSYCGARDHKYPDKKPMGFPFDRPIHTEHISDFLTNNMFIKDIKIKFHE	Crab Hc	animal	Limulus polyphemus	No	Yes	6850		Hemocyanin						No	No		No			Metazoa	Arthropoda	Merostomata	Xiphosura	Limulidae	Limulus	Limulus polyphemus			380-626	33-105	110-371			
1JS8			1JS8		AIIRKNVNSLTPSDIKELRDAMAKVQADTSDNGYQKIASYHGIPLSCHYENGTAYACCQHGMVTFPNWHRLLTKQMEDALVAKGSHVGIPYWDWTTTFANLPVLVTEEKDNSFHHAHIDVANTDTTRSPRAQLFDDPDKGDKSFFYRQIALALEQTDFCDFEIQFEIGHNAIHSWVGGSSPYGMSTLHYTSYDPLFYLHHSNTDRIWSVWQALQKYRGLPYNTANCEINKLVKPLKPFNLDTNPNAVTKAHSTGATSFDYHKLGYDYDNLNFHGMTIPELEEHLKEIQHEDRVFAGFLLRTIGQSADVNFDVCTKDGECTFGGTFCILGGEHEMFWAFDRLFKYDITTSLKHLRLDAHDDFDIKVTIKGIDGHVLSNKYLSPPTVFLAPAKTTH	Octopus Hc	animal	Enteroctopus dofleini	No	Yes	267067		Hemocyanin						No	No		Yes			Metazoa	Mollusca	Cephalopoda	Octopoda	Octopodidae	Enteroctopus	Enteroctopus dofleini	32-212	288-386						
1LNL			1LNL		GHRNLVRKSVRNLSPAERASLVAALKSLQEDSSADGFQSLASFHAQPPLCPAPAANKAFACCVHGMATFPEWHRLYTVQFEDALRRHGSVVGIPYWDTVVPQEDLPAFFNDEIWDDALFHANFTNPFNGADIDFNHQKIARDINVDKLAKEGPKGYDTWSFKQYIYALEQEDYCDFEVQFEIAHNAIHAWVGGTEEYSMGHLHYASYDPVFILHHSNTDRLFALWQELQKFRGHDPNEVNCALEMMREPLKPFSFGAPYNLNPTTKEHSKPEDTFDYKGHFHYEYDHLELQGMNVQRLHDYINQQKEADRVFAGFLLEGIGTSAHLDFSICAIDGECTHAGYFDVLGGSLETPWQFDRLYKYEITDVLESKGLDVHDVFDIKITQTSWDNEDISTDRFPPPSVIYVPK	Rapana Hc	animal	Rapana venosa	No	Yes	55521		Hemocyanin						No	No		Yes			Metazoa	Mollusca	Gastropoda	Neogastropoda	Muricidae	Rapana	Rapana venosa	35-227	305-407						
4J3P			4J3P		AATATLPTTASSSTAVASSQLDQLANFAYNVTTDSVAGGSESKRGGCTLQNLRVRRDWRAFSKTQKKDYINSVLCLQKLPSRTPAHLAPGARTRYDDFVATHINQTQIIHYTGTFLAWHRYFIYEFEQALRDECSYTGDYPYWNWGADADNMEKSQVFDGSETSMSGNGEYIPNQGDIKLLLGNYPAIDLPPGSGGGCVTSGPFKDYKLNLGPAALSLPGGNMTAAANPLTYNPRCMKRSLTTEILQRYNTFPKIVELILDSDDIWDFQMTMQGVPGSGSIGVHGGGHYSMGGDPGRDVYVSPGDTAFWLHHGMIDRVWWIWQNLDLRKRQNAISGTGTFMNNPASPNTTLDTVIDLGYANGGPIAMRDLMSTTAGPFCYVYL	AoCO4	fungal	Aspergillus oryzae	No	Yes	5062		tyrosinase	Yes	Yes		Yes	No	Yes	Yes		No			Fungi	Ascomycota	Eurotiomycetes	Eurotiales	Aspergillaceae	Aspergillus	Aspergillus oryzae	93-324							
XP_001221473.1				CgPPO-1473	MRGIQNAVGLSLLAGALAGPVQKRWEYNTIRNPAYPLDVVDKLEESIMPKVESWMVKRVGKSNNCTLENAAVRREWSDLSADERKEYISAVLCLQSKPAKAPKDKVPGALSRFDDFVATHMTMAGMLHSPNNLFAAHRYFIYAYEKALREECGYKGYQPYMNYDRYVDDPINSPMFDGSDTSMGGNGAPSTYEGVAQPFPRPYNMIPSAGGGGCVTEGPFKDMVVSLGPKSTIVRDIPANPRADGLGSNPRCLRRDVNKYSAAGARANYTYSAIMDNPDIDKFYNRYLGMPQLKGDTHPWGIHSAGHYIIGGDPGGDFYCSPGDPAFYFHHGMLDRVWWIWQMQDPENRVHAIPGAGAMDMNMTLAMDVDMGQPANVRKTKRADIRDAVVDLGWTAPAVKLVDLNEQMGGLGGEFCYIYV	CgPPO1473	fungal	Chaetomium globosum CBS 148.51	Yes	No	306901		tyrosinase	No	Yes	Yes	Yes	No	Yes	Yes					Fungi	Ascomycota	Sordariomycetes	Sordariales	Chaetomiaceae	Chaetomium	Chaetomium globosum	111-343							
XP_001224266.1				CgPPO266	MMKSIVLLASALLAGSAVSAPTAEIPSFTQAEMDSGKAIRELGRIAYENAMARAAKATTGCTKENVRIRKEWRNMTLDDRQGYQQAVQCLMEKPARHKGLDGVRTAWDDYGALHYYQTPYVHNSATFLLWHRHYNWVLEQDLRDLCGYNGVFPYWEWGLDCGSVGSMDKSPVFDGSEYSLGGNGEFIEGHRAAIGGAKPGSGGGCLTSGPFSNYTVNLGPVGSRNPLAYNPRCFKRDLNTDICNRWATLRNTTEPILNGKDIAVFQALVQGDGRWPEAARLGIAVHGGGHYAISGDPGSDFYFSSLEPGFYLHHGNIDRMHFIWQNLDWENRQTISGTNTMFNRPATPEAVLGDNMGFEPINRNVTIGQTMDTVGGTPLCYVYEPW	CgPPO266	fungal	Chaetomium globosum CBS 148.51	Yes	No	306901		tyrosinase	No	Yes	Yes	Yes	No	Yes	Yes					Fungi	Ascomycota	Sordariomycetes	Sordariales	Chaetomiaceae	Chaetomium	Chaetomium globosum	105-326							
XP_003659809.1				MtPPO809	MARLTLAGLLAVPWLLLPGLVSGDAVLDLQEKGRPAIDAQLAKSTTCTKEKLQVRREWGDISAEEKKAYIAAMLCIMEKPSRLDPNQFPGAKSRYDDFVVVHMNQTLSIHGTGNFLSWHRYYTWVFERALQEECGYNGTQPYWDWGRWADDPENSPIFDGSDTSLSGNGEYIEHRASGFIPAGNGGGCVKSGPFKDMVVHLGPVAPAIDPAPPANPRRDGYGDNPRCLRRDISNQLSSKYARTQDIVDLITTSADIGTFQTVMQGAGGFGVGPGGMGVHAAGHFTIAGDPGGDFYTSPNDPAFWVHHGMIDRTWTIWQSQDLDNRLQVIAGGSSMMGGPPQTLDDPVDLGVVADKVYPIRDLVSVVDGPFCYVYE	MtPPO809	fungal	Thermothelomyces thermophilus ATCC 42464	Yes	No	573729		tyrosinase	No	Yes	No	Yes	No	Yes	Yes					Fungi	Ascomycota	Sordariomycetes	Sordariales	Chaetomiaceae	Thermothelomyces	Thermothelomyces thermophilus	92-319							
XP_003666010.1			6Z1S	MtPPO010/TtPPO	MKPAALLGAALAAVAFPAGAHARCSSDAPPPAPVGDDLTEPKELTDLFEKAKKAVIDRLHEDEKALRARGEAPRCTADKLIFRREYGSLSKDERLAYVNAVKCLQSKPPRTPASVAPGARSRFDDFVVVHIQQTLDIHYSGIFQAWHRWFVYQYEKALRDECGYTGYQPYWDWPKYASAPQDSPLFNGDPYSLGGNGEYVPHDGPVIVPPEGVSGGNISLPAGVGGGFVRTGPFANMTVNLGPVGGLADTAPGPQGGLGYNPRGLKRDLGGAMNTRYANYTTVLRLLTQPDVDAFRTVSEGVPYTVEIGPHGGIHYTIGGDPGGDLFTSPGDPAFWVHHAQMDRVWATWQALGLLPPADGGDPDPARRYTDLGKGDYAHRTWQNSPPSPFAELSDVIDMGYAAPSTTIGAVMSTTEGELCYFYL	MtPPO010	fungal	Thermothelomyces thermophilus ATCC 42464	Yes	Yes	573729		tyrosinase	Yes	Yes	No	Yes	No	Yes	Yes		No			Fungi	Ascomycota	Sordariomycetes	Sordariales	Chaetomiaceae	Thermothelomyces	Thermothelomyces thermophilus	120-351							
CAI4219580.1	CAI4219580.1			PpPPOc2029	MPSAKRLLGLLLAATAAVGVAAQEPALTEDDFSIPEIEGGDALAQLAQLAADSSQETALRMAKRGLNSGCSPSQIKVRREWRTLTSAQRKQYIASVKCLQTKPSFFDPNIIPAAKSLFDDFVGVHVFQTGSIHLTATFLTWHRYFVYTYETKLREECGYTGPLPYWEWGLDVNNPNASPVFDGSDTSLSGNGAFFAHEGIQMVQPINGNILKLPGNGGGCVTKGPFKDMKVHFGTIILPVYGQPILSGVENPIADNERCLKRDLNAGIAKRFTSFLNSTSVILKNNNIEMFQAHLQGDDRYVLNQLGVHGGGHYTIGGDPGGDPFISPGDPAFYLHHAQIDRIYWIWQMLDFKNRQGVHGTATLQNNPPSANVTVEDTIDLSPLAPPVKIKDLMNTVGGSPLCYIYL	PpPPOC2092	fungal	Parascedosporium putredinis	Yes	No	1442378		tyrosinase	No	Yes	No	Yes	No	Yes	Yes					Fungi	Ascomycota	Sordariomycetes	Microascales	Microascaceae	Parascedosporium	Parascedosporium putredinis	116-349							
XP_003662515.1				MtPPO7	MRGIQSLVSLSLLAGAWANPMHKRWKPNAPRNPDFPLDEVDKLEESIMPNVEAWMSKRPAKYSNCTLENAGIRREWSDLSVDERKEYISAVLCLQSKPSKIPEGEVPGALSRFDDFVATHMTMAGQLHSPTNLFAAHRYFIHAYEKALREECGYKGYQPYMNYDRYADDPLNTPLFDGSDSSMSGNGGPYNYSGIPQPFPKPYNLIPPAGGGGCVTEGPFRDMVVSLGPKGGLFHDIPRNPRADGLGSNPRCLRRDVNKYSARGARANYTYSAIMDNPDIDSFYNRYMGMPQLKGDPYPWGLHSSGHYLIGGDPGGDFYCSPGDPLFYFHHGMLDRVWWIWQMQDPENRVQAVPGTNTMPMPPLMAANLESEAAATTTHKRAVNVSDLVVDLGWTAPPVKLVDLNEQLGGLGGELCYIYV	MtPPO7	fungal	Thermothelomyces thermophilus ATCC 42464	Yes	No	573729		tyrosinase	No	Yes	Yes	Yes	No	Yes	Yes					Fungi	Ascomycota	Sordariomycetes	Sordariales	Chaetomiaceae	Thermothelomyces	Thermothelomyces thermophilus	111-343							
2Y9X				AbPPO3	MSDKKSLMPLVGIPGEIKNRLNILDFVKNDKFFTLYVRALQVLQARDQSDYSSFFQLGGIHGLPYTEWAKAQPQLHLYKANYCTHGTVLFPTWHRAYESTWEQTLWEAAGTVAQRFTTSDQAEWIQAAKDLRQPFWDWGYWPNDPDFIGLPDQVIRDKQVEITDYNGTKIEVENPILHYKFHPIEPTFEGDFAQWQTTMRYPDVQKQENIEGMIAGIKAAAPGFREWTFNMLTKNYTWELFSNHGAVVGAHANSLEMVHNTVHFLIGRDPTLDPLVPGHMGSVPHAAFDPIFWMHHCNVDRLLALWQTMNYDVYVSEGMNREATMGLIPGQVLTEDSPLEPFYTKNQDPWQSDDLEDWETLGFSYPDFDPVKGKSKEEKSVYINDWVHKHYGFVTTQTENPALRLLSSFQRAKSDHETQYALYDWVIHATFRYYELNNSFSIIFYFDEGEGCTLESIIGTVDAFRGTTSENCANCARSQDLIAEGFVHLNYYIGCDIGQHADHEDDAVPLYEPTRVKEYLKKRKIGCKVVSAEGELTSLVVEIKGAPYYLPVGEARPKLDHEKPIVILDDIIHRVN	AbPPO3	fungal	Agaricus bisporus	Yes	No	5341		tyrosinase	Yes	No	No	No	Yes	Yes	Yes	No				Fungi	Basidiomycota	Agaricomycetes	Agaricales	Agaricaceae	Agaricus	Agaricus bisporus	52-308							424-535
BAJ08174.1					MTHVRRNHLDLSRSERRRFIKAVLEIKRRGIYDRFVKLHVDVNSQDYLDKDTGKRVGHINPGFFPWHRQYLMEFEKELRRVDPTVTLPYWDWTMDQSKDSPLWQDDFMGGDGRPDDGMVMTGPFAYPNGWELKVNVQPEGPESPALNGHYTVDDRKFLIRRIGQKLPSLPSPEQLQQTMDLPVYDCPPWNYTSGSTPPYNSFRNHLEGYTNFAWEPPAGKLHGAGHQWVGGHMMYISSPNDPVFFLHHCFIDKIWGDWQALHPDVPHYLPQEPTPEVADPSTPLYPWHTKTVAEVIDHRRFYTYA		bacterial	Streptomyces murayamaensis	No	Yes	224537		O-aminophenol oxidase						Yes	Yes	Yes				NA	Actinobacteria	Actinomycetia	Streptomycetales	Streptomycetaceae	Streptomyces	Streptomyces murayamaensis	31-260							
6HQI	CAA78295.1		6HQI		MASLCSNSSSTSLKTPFTSSTTCLSSTPTASQLFLHGKRNKTFKVSCKVTNTNGNQDETNSVDRRNVLLGLGGLYGVANAIPLAASAAPTPPPDLSSCNKPKINATTEVPYFCCAPKPDDMSKVPYYKFPSVTKLRIRPPAHALDEAYIAKYNLAISRMKDLDKTQPDNPIGFKQQANIHCAYCNGGYSIDGKVLQVHNSWLFFPFHRWYLYFYERILGSLIDDPTFGLPFWNWDHPKGMRFPPMFDVPGTALYDERRGDQIHNGNGIDLGYFGDQVETTQLQLMTNNLTLMYRQLVTNSPCPLMSLVDLTLFGSTVEDAGTVENIPHSPVHIWVGTRRGSVLPVGKISNGEDMGNFYSAGLDPLFYCHHSNVDRMWNEWKATGGKRTDIQNKDWLNSEFFFYDENGNPFKVRVRDCLDTKKMGYDYHATATPWRNFKPKTKASAGKVNTGSIPPESQVFPLAKLDKAISFSINRPASSRTQQEKNAQEEVLTFNAIKYDNRDYIRFDVFLNVDNNVNANELDKAEFAGSYTSLPHVHRVGDPKHTATATLRLAITELLEDIGLEDEDTIAVTLVPKKGDISIGGVEIKLAIVKLVCVVNLLTLQLNKDRFCYDSVFVCWFVCLFFNFHV	SlPPO1	plant	Solanum lycopersicum	No	Yes	4081	Kampatsikas et al. (2019) https://doi.org/10.1038/s41598-019-39687-0	tyrosinase						Yes	Yes					Viridiplantae	Streptophyta	Magnoliopsida	Solanales	Solanaceae	Solanum	Solanum lycopersicum	172-382					460-590	389-440	
Q08307		Q08307			MSSSSSITTTLPLCTNKSLSSSFTTTNSSLLSKPSQLFLHGRRNQSFKVSCNANNVDKNPDAVDRRNVLLGLGGLYGAANLAPLATAAPIPPPDLKSCGTAHVKEGVDVIYSCCPPVPDDIDSVPYYKFPSMTKLRIRPPAHAADEEYVAKYQLATSRMRELDKDPFDPLGFKQQANIHCAYCNGAYKVGGKELQVHFSWLFFPFHRWYLYFYERILGSLINDPTFALPYWNWDHPKGMRIPPMFDREGSSLYDEKRNQNHRNGTIIDLGHFGKEVDTPQLQIMTNNLTLMYRQMVTNAPCPSQFFGAAYPLGSEPSPGQGTIENIPHTPVHIWTGDKPRQKNGEDMGNFYSAGLDPIFYCHHANVDRMWNEWKLIGGKRRDLTDKDWLNSEFFFYDENRNPYRVKVRDCLDSKKMGFDYAPMPTPWRNFKPIRKSSSGKVNTASIAPVSKVFPLAKLDRAISFSITRPASSRTTQEKNEQEEILTFNKISYDDRNYVRFDVFLNVDKTVNADELDKAEFAGSYTSLPHVHGSNTNHVTSLTFKLAITELLEDIGLEDEDTIAVTLVPKAGGEEVSIESVEIKLEDC	SlPPO2	plant	Solanum lycopersicum	No	No	4081	Kampatsikas et al. (2019) https://doi.org/10.1038/s41598-019-39687-0	catechol oxidase						No	Yes					Viridiplantae	Streptophyta	Magnoliopsida	Solanales	Solanaceae	Solanum	Solanum lycopersicum	171-374					453-584	382-432	
6ELS		P43309	6ELS		MTSLSPPVVTTPTVPNPATKPLSPFSQNNSQVSLLTKPKRSFARKVSCKATNNDQNDQAQSKLDRRNVLLGLGGLYGVAGMGTDPFAFAKPIAPPDVSKCGPADLPQGAVPTNCCPPPSTKIIDFKLPAPAKLRIRPPAHAVDQAYRDKYYKAMELMKALPDDDPRSFKQQAAVHCAYCDGAYDQVGFPELELQIHNSWLFFPFHRYYLYFFEKILGKLINDPTFALPFWNWDSPAGMPLPAIYADPKSPLYDKLRSANHQPPTLVDLDYNGTEDNVSKETTINANLKIMYRQMVSNSKNAKLFFGNPYRAGDEPDPGGGSIEGTPHAPVHLWTGDNTQPNFEDMGNFYSAGRDPIFFAHHSNVDRMWSIWKTLGGKRTDLTDSDWLDSGFLFYNENAELVRVKVRDCLETKNLGYVYQDVDIPWLSSKPTPRRAKVALSKVAKKLGVAHAAVASSSKVVAGTEFPISLGSKISTVVKRPKQKKRSKKAKEDEEEILVIEGIEFDRDVAVKFDVYVNDVDDLPSGPDKTEFAGSFVSVPHSHKHKKKMNTILRLGLTDLLEEIEAEDDDSVVVTLVPKFGAVKIGGIKIEFAS	MdPPO1	plant	Malus domestica	No	Yes	3750	Kampatsikas et al. (2017) DOI:10.1038/s41598-017-08097-5	tyrosinase						Yes	Yes					Viridiplantae	Streptophyta	Magnoliopsida	Rosales	Rosaceae	Malus	Malus domestica	165-373					465-591	380-431	
Q93XM8		Q93XM8			MTSSPLPPTSTMAALHSTTTTTLFRSPLFPNKSQTPLQRKPKQCLAGRVRCKATKGDNDNLDQGLARLDRRNMLIGLGTGGLYSAAGNSFAFAAPVSAPDLTTCGPADKPDGSTIDCCPPITTTIIDFKLPDRGPLRTRIAAQDVAKNPAYLAKYKKAIELMRALPDDDPRSLVQQAKVHCSYCDGGYPQVGYSDLEIQVHFCWLFFPFHRWYLYFYEKIMGELIGDPTFALPFWNRDAPAGMYIPEIFTDTSSSLYDQNRNTAHQPPKLLDLNYGGTDDDVDDATRIKENLTTMYQQMVSKATSHRLFYGEPYSAGDEPDPGAGNIETTPHNNIHLWVGDPTQTNGEDMGTFYSAGRDPLFYSHHSNVDRMWSIYKDKLGGTDIENTDWLDAEFLFYDEKKNLVRVKVRDSLDTKKLGYVYDEKVPIPWLKSKPTLVSRRIRERPQFIFDLTTTFPATLSDTISVEVTRPSATKRTAAQKKAHDEVLVIKGIEFAGNEPVKFDVYVNDDAESLAGKDKSEFAGSFVHVPHKHKKNIKTNLRLSIMSLLEELDAETDSSLVVTLVPKVGKGPITIGGFSIELINTT	MdPPO2	plant	Malus domestica	No	No	3750	Kampatsikas et al. (2017) DOI:10.1038/s41598-017-08097-5	tyrosinase						Yes	Yes					Viridiplantae	Streptophyta	Magnoliopsida	Rosales	Rosaceae	Malus	Malus domestica	172-378					456-582	384-436	
T1W3L4		T1W3L4			MASMSAPLVTSATSIIPTTFLSPFSQKYHRISSFGNPRHSNLQAVSCKATNNSSDQNKNPSTSSNDHDHENPSPVNLDRRNVLIGLGSLYGGVAGLGSDPFAVAKPVSPPDLAKCGAADFPSGAVPTNCCPPTSQKIVDFKFPSPTKLRVRPAAHTVDKAYIEKYSKAIELMKALPDDDPRSFTQQADLHCAYCDGAYDQVGFPNLELQIHQSWLFFPFHRYYLYFHERILAKLIDDPTFALPFWNWDAPAGMQLPALFANPDSPLYDELRADSHQPPTLIDLDFNGTDETMSKDAQIDANLKIMYRQMVSNSKKPLLFFGSPYRAGTEPDPGAGSIETTPHGPVHTWTGDNTQPNFEDMGNFYSAARDPIFFSHHSNIDRMWNIWKSIGTKNKDINDTDWLDTGFLFYDKNAELVRVTVRDTLDNKKLGYTYEDVEIPWLKSRPTPRRTKLARKAKAAGVAKAAGVAKAAETTSSGKVVAGKDFPINLETKISTVVSRPKPKKRSKKEKEDEEEILVIQGIELDKDVAVKFDVYVNDVDDEDAAPSGPDKSEFAGSFVSVPHKQKEKSKSCLRLGLTDLLEDLGAEDDESVVVTLVPRYGAQAVKIGSIKIEFLA	MdPPO3	plant	Malus domestica	No	No	3750	Kampatsikas et al. (2017) DOI:10.1038/s41598-017-08097-5	tyrosinase						Yes	Yes					Viridiplantae	Streptophyta	Magnoliopsida	Rosales	Rosaceae	Malus	Malus domestica	180-387					485-614	395-446	
4Z0Y		A0A075DN54	4Z0Y		MACYDLLPITSTFTSTNSQSSLNTRTKKTQGFRVSCNKPKITTRSLILPEAQKLVLPNVDRRNLLVGLGGLYTAATLPGMGAAVAAPITAPDITSICKDASSGIGNQEGAIRTRKCCPPSLGKKIKDFQFPNDKKVRMRWPAHKGTKKQVDDYRRAIAAMRALPDDDPRSFVSQAKIHCAYCNGGYTQVDSGFPDIDIQIHNSWLFFPFHRWYLYFYERILGSLIDEPNFALPYWKWDEPKGMPISNIFLGDASNPLYDQYRDANHIEDRIVDLDYDGKDKDIPDQQQVACNLSTVYRDLVRNGVDPTSFFGGKYVAGDSPVANGDPSVGSVEAGSHTAVHRWVGDPTQPNNEDMGNFYSAGYDPVFYIHHANVDRMWKLWKELRLPGHVDITDPDWLNASYVFYDENKDLVRVYNKDCVNLDKLKYNFIENSKEVFPWRNSRPPQRRKSAQVATTGDVKTVEQTKFPVRLNQIFKVRVKRPAVNRTEEEKDQANEVLLIKKIKYDSGKFVKFDVFVNDKLKDGVFTTPCDPEYAGGFAQIPHNDKRSMVMTSTARFGLNELLEDTNTEGEEYATVTLVPRTGCEDLTVGEIKIELVPIPKA	CgAUS1	plant	Coreopsis grandiflora	No	Yes	13449	Molitor et al. (2016) DOI: 10.1073/pnas.1523575113	"they call it catechol oxidase with hydroxylating activityï¿½, so it is a ""tyrosinase"""						Yes	Yes					Viridiplantae	Streptophyta	Magnoliopsida	Asterales	Asteraceae	Coreopsis	Coreopsis grandiflora	169-383					467-596	391-444	
NP_001053932.1	NP_001053932.1				MESINVAPGTTATPRMAPPPPPPCITNLQSTLRYNNLLLHRKTKGWKPRNVSCRVDRRDVLLGISGAAAMVATQGGGGALAAPIQAPDLGDCHQPVDVPATAPAINCCPTYSAGTVAVDFAPPPASSPLRVRPAAHLADRAYLAKYERAVSLMKKLPADDPRSFEQQWRVHCAYCDGAYDQVGFPGLEIQIHSCWLFFPWHRMYLYFHERILGKLIGDETFALPFWNWDAPDGMSFPAMYANRWSPLYDPRRNQAHLPPFPLDLDYSGTDTNIPKDQLIDQNLNIMYRQMISGARKAELFMGQPYRAGDQPEPGAGTVESVPHNPVHRWTGDPRQPNGEDMGIFYSAARDPVFFAHHGNVDRMWHIRRGLLFPGDTDFTDPDWLDASFFFYDEEARLVRVRVRDTLDPSALRFTYQDVGLPWLNAKPSTGAASTPAPAAGAFPATLDKTVRVAVTRPRASRSREEKEEEEEVEIPDHSTYVKFDVFVNAPESGDGAATCAATCAGSVALAPHGIHREGQLSPRKTEARFGICDLLDDIGADGDKTIVVSIVPRCGCDSVTVAGVSIGYAK			Oryza sativa	No		4530	(PubMed:2517217, PubMed:2517217, PubMed:1537333, PubMed:35469906)	catechol oxidase			Yes							alpha	Oryza sativa CO	Viridiplantae	Streptophyta	Magnoliopsida	Poales	Poaceae	Oryza	Oryza sativa	161-366					442-568	377-427	
NP_524760.1	NP_524760.1				MADKKNLLLLFDHPTEPVFMDKGGNGTVFDVPDSYVTDRYNQMCKKVQRRVSSASEKNVQVKEIAIPDLSCSMRLGRSEQFSIFLKSHRKMASHLIEIFTKMQTVDELQSVAVYARDRVNPVLFNYALSVALLHRPDTKDLELPAFAQTFPDRFIDSKMLRSMREESFVVERSAARLPVVSSVKYTASDLDVEHRLWYFREDLGVNLHHWHWHLVYPIEAPDRSIVDKDRRGELFYYMHQQIIARYNAERLSNHMARVQPFNNLDEPIAEGYFPKMDSLVASRAYPPRFDNTRLSDVDRPNNQLRVGIDDMKRWRERIYEAIHQGYVLDTNNEKIVLDDAKGIDILGNIIEASDLTPNSTLYGDFHNMGHILIAYSHDPTNKHLEYAGVMGDASTAMRDPIFYKWHAFIDNMFQEHKRLLSPYEKQELSFPDVRVESIQVESQGQVNRLTTFWQESDVDMSRGLDFVPRGHVLARFTHLQHHEFSYTIKVENSSEATRYGYVRIFLAPKLDDRNAPMLLEQQRLMMVELDKFVVTMPPGSHTITRNSTESSVTIPFERTFRNLDKLEELQNFLCGCGWPQHMLIPKGRPEGLRFELFVMVSNYEEDKVDQTVADCGCSIAASYCGLRDRLYPDRKSMGFPFDRKPRRGSEILENFLTPNMCAVEVIITHEDRTEKLREVPARS			Drosophila melanogaster	No		7227	 26437768,  22579944,  22178920	tyrosinase		Yes	Yes							beta	Drosophila melanogaster tyr1	Metazoa	Arthropoda	Insecta	Diptera	Drosophilidae	Drosophila	Drosophila melanogaster			422-669	27-139	148-413			
NP_035791.1	NP_035791.1				MFLAVLYCLLWSFQISDGHFPRACASSKNLLAKECCPPWMGDGSPCGQLSGRGSCQDILLSSAPSGPQFPFKGVDDRESWPSVFYNRTCQCSGNFMGFNCGNCKFGFGGPNCTEKRVLIRRNIFDLSVSEKNKFFSYLTLAKHTISSVYVIPTGTYGQMNNGSTPMFNDINIYDLFVWMHYYVSRDTLLGGSEIWRDIDFAHEAPGFLPWHRLFLLLWEQEIRELTGDENFTVPYWDWRDAENCDICTDEYLGGRHPENPNLLSPASFFSSWQIICSRSEEYNSHQVLCDGTPEGPLLRNPGNHDKAKTPRLPSSADVEFCLSLTQYESGSMDRTANFSFRNTLEGFASPLTGIADPSQSSMHNALHIFMNGTMSQVQGSANDPIFLLHHAFVDSIFEQWLRRHRPLLEVYPEANAPIGHNRDSYMVPFIPLYRNGDFFITSKDLGYDYSYLQESDPGFYRNYIEPYLEQASRIWPWLLGAALVGAVIAAALSGLSSRLCLQKKKKKKQPQEERQPLLMDKDDYHSLLYQSHL		animal	Mus musculus	No		10090	Aguilera	tyrosinase		Yes	Yes							gamma	Mus musculus Tyr	Metazoa	Chordata	Mammalia	Rodentia	Muridae	Mus	Mus musculus	172-402							
